us_since_last_capture,packet_num,channel_num,access_addr,pdu,tx,rx,payload_length,advertising_addr,data,crc
27,1,39,8e89bed6,ADV_IND,1,0,37,ec815756d208,1eff4c0012191096431f9ca2496a6825b31915412b6436d2f30933a0930386,0.0
2030869,36,39,8e89bed6,ADV_IND,1,0,37,8c815756d208,c1d6c5442059dee18f1ba5bf427a4ecd606b6222902ceff0c78dd217a02da7,1.0
5996984,88,39,8e89bed6,ADV_IND,1,0,37,9a815756d208,c1d6c5402059dee18f1fa5af427b4ecd60eb6222922ceff0cdcdd257a13da7,1.0
18054900,111,39,8e89bed6,ADV_IND,1,0,37,ec815756c208,1eff4c0012191096431f9ca2596a6825b31915412b6436d2f30933a09303fa,1.0
18022886,122,39,8e89bed6,ADV_IND,1,0,37,ec835756d20c,1eff4c0112991096431f9ca2496a6025b31915412bf436d6f30933a09303fa,1.0
3997952,176,39,8e89bed6,ADV_IND,1,0,37,64815756d208,1eff4c0012190016431f9cb249686825b31d15412b6536d6f30933a09303fc,1.0
5996899,178,39,8e89bed6,ADV_IND,1,0,37,9a5cf6855f4b,c1d6c5442059dee18f1ba5af42eb4ecd60ed7222902ceff0c78cd257a13da7,1.0
8028205,190,39,8e89bed6,ADV_IND,1,0,37,ec811556d208,1eff4c0012191096431f9ca2596a6025b31915412b6436d2f30933a09303fc,1.0
1999008,224,39,8e89bed6,ADV_IND,1,0,37,6c835556d008,1eff4c0112191096431f9ca2596a6825b71915416f6436d2fb0933a89203dc,1.0
1999050,247,39,8e89bed6,ADV_IND,1,0,33,6c815776d20c,1efd4c0052191096431e9ca2496a6825b3191d452b6436d3f30933,1.0
5997040,326,39,8e89bed6,ADV_IND,1,0,37,9a9ef756d208,c1d6c5442059dce18f1ba5af427b4ecd40eb7222902ceff0c78dd25fa13da7,1.0
18023017,371,39,8e89bed6,ADV_IND,1,0,37,9a9cf2855a08,c1d6c5442059dee18d8b81af427b4ecd60eb6222902ceff1478d9257813d37,1.0
3998054,418,39,8e89bed6,ADV_IND,1,0,37,ba9cf756d208,c1d6c5442059dee1871aa5af426b4ecd60eb6222902ceff8c78dd257a13da7,1.0
14025227,440,39,8e89bed6,ADV_IND,1,0,37,ec815756d008,1eff4c0012191096431f9ca2496a6825b71915416b7436d2f30931a09303ac,1.0
5997157,447,39,8e89bed6,ADV_IND,1,0,37,92835756d288,c1d6c5442051dee08f1ba5ae527b4e8d60eb6222902ce7d0c78dd25fa13da7,1.0
1998894,464,39,8e89bed6,ADV_IND,1,0,37,6c815756d208,1eff4c0012191096431f9ca2496a6825b31d15412b6436d2f30933a0930322,1.0
3998026,480,39,8e89bed6,ADV_IND,1,0,37,9a9cf284d208,d1d6c5442059dee18f19b5af42fb4ecde0ef6222902cef70c7adf356a13da7,1.0
8028051,510,39,8e89bed6,ADV_IND,1,0,37,ac815756d208,c1d6c5442079dee18f1ba5af423b4ec560eb6222b06cefe0c78d3257a13da7,1.0
9994780,522,39,8e89bed6,ADV_IND,1,0,37,9a9cf6855f40,c196c5442019dee18f1ba5af427b4ecd60eb6222902ca7f4c38dc257a139a7,1.0
5996877,556,39,8e89bed6,ADV_IND,1,0,37,ec815556d208,1eff4c0012191096431f9ca2496a6025b31915412b6416d2f30933a0930322,1.0
8028144,605,39,8e89bed6,ADV_IND,1,0,37,ec815752d208,1eff4c0012191096431f9ca2496a6825b31915412b6436d2f30933a09303d1,1.0
1998933,683,39,8e89bed6,ADV_IND,1,0,37,98815756d208,c1d6c5442059dee18f1ba5af42bb4e4d60eb6222d42eeff4c78dd25fa13da7,1.0
7996228,777,39,8e89bed6,ADV_IND,1,0,37,1a1ce6017f4a,c1d6d5452059dee19f1ba18f437b5ecd70eb6222902ceff0c78dd247213da7,1.0
3997775,786,39,8e89bed6,ADV_IND,1,0,37,9c815756d208,d1d6c5452059dee18f1ba5af427b4ec9e0eb6222902ccff0c38dd257a11da7,1.0
1999170,868,39,8e89bed6,ADV_IND,1,0,37,ec835756d208,1eff5c0812191096431f9ca2496a6825b31915c12b6436d2f30933a0930324,1.0
18054993,932,39,8e89bed6,ADV_IND,1,0,37,eca15756d208,1eff4c0012191096431f9ca2496a6825b31915412f6536d2f30933a0930354,1.0
9895571,1154,39,8e89bed6,ADV_IND,1,0,37,9a9cf6855208,e1d6c5442019dfc18f1ba1af427b4edd60eb6222912ceef0c78dd255a13da7,1.0
1998875,1161,39,8e89bed6,ADV_IND,1,0,37,9a9de686d208,c156d54830d9d6a18f9ba5af427b4ecd60efe22a842ccff0c78dd2d7a13da7,1.0
4030081,1218,39,8e89bed6,ADV_IND,1,0,37,ec811756d208,1eff4c0012191096431f9ca2596a6825b31915412b7436d2f30933a0930373,1.0
1998895,1312,39,8e89bed6,ADV_IND,1,0,37,9adcf6855e5a,c1d7c5442059dee1a71ba5af427b5ecd24eb6322903ceef0c78dd257a13da7,1.0
6029081,1521,39,8e89bed6,ADV_IND,1,0,37,9a9ce6855f4a,c1d6c544205ddee3af1ba5af427b4ecd60eb6262983ccff0c78dda57a13da7,1.0
1999008,1619,39,8e89bed6,ADV_IND,1,0,37,6c815752d008,1ebf4c0012190096431e9cb24d6a6825b31915412b6436d2f30931a0930379,1.0
5996836,1793,39,8e89bed6,ADV_IND,1,0,37,5ac15756d208,c0d6cd463059dee18e3ba4af427b4ccd60ef6202b02cedf0c38dd277a13da7,1.0
4029800,1917,39,8e89bed6,ADV_IND,1,0,37,9a9cd756d208,c1d6c5442059dee18f1bb58c42794ecd60eb62229028eff8c78dd217a16fa7,1.0
4029536,2002,39,8e89bed6,ADV_IND,1,0,37,9a9cf6851208,c1dee54421595ee38f1ba5af42f34e4d60eb622ad02cfff0c78d5257a13da7,1.0
1998897,2014,39,8e89bed6,ADV_IND,1,0,37,ec835756d288,1eff4c0012191096431f9ca2596a6825b31915c12b6436d2f30933a09303e4,1.0
1998885,2033,39,8e89bed6,ADV_IND,1,0,37,9a9cf684d208,c3d6c5c4285adec18f1ba5a7427b4ecd60eb7a22902ceff0c78dd257a13da7,1.0
1998874,2081,39,8e89bed6,ADV_IND,1,0,37,ec815776d208,1eff4c0012191096431f9caf463f4ecd60eb2222902ceff0c78dd257a13da7,1.0
12025877,2139,39,8e89bed6,ADV_IND,1,0,37,9a1cf756d208,c1d6c5442059dce18f1aa5af427b4ecd62eb62a28024eff4c78dd257a13da6,1.0
1998913,2152,39,8e89bed6,ADV_IND,1,0,37,9e9cf6815f48,c1d6c544205bdee18f1ba5ef42794fcd60eb62a69024eff0c785d257a13da7,1.0
1999024,2309,39,8e89bed6,ADV_IND,1,0,37,9a9cf68ed208,c1d6c5442059dee18f1ba5af427b4ecd60eb62229028eef0c78dd257a13da7,1.0
4029776,2472,39,8e89bed6,ADV_IND,1,0,37,92815756d208,c1c6c5442059dee08f1ba5af427b4ecd60ab6222902ceff0c78dd25da13da7,1.0
1999069,2581,39,8e89bed6,ADV_IND,1,0,37,9a9cf796d208,c1d6c5442059dee58f1ba5afc27bcecd60eb6202912ccff0c79dd257a57da7,1.0
3997974,2618,39,8e89bed6,ADV_IND,1,1,37,e4815756d20c,1eed4c011219109e531f9ca2596a6825b3191d452b6436d6f30933a0970388,1.0
7996012,2714,39,8e89bed6,ADV_IND,1,0,37,e4815756d208,1eff4c0012191096431f9ca2496a6825b3191d416b6436d2f30931a0930300,1.0
20054216,2843,39,8e89bed6,ADV_IND,1,0,37,9a8cf6855f08,c1d6d5442019dee1cf9ba4af42734ecd20ef6222902ceff0c79dd277a13da7,1.0
1999033,2890,39,8e89bed6,ADV_IND,1,0,37,1a9dd656d208,c1d6c54560595a61ed1ba58f427f4ecd68eb0222d02dfff08587da57a135af,1.0
5996912,2971,39,8e89bed6,ADV_IND,1,0,37,9a8d5756d208,c1d6c7446859dce1871ba5af427b4ecd61eb6222902ceff0c68dd277e13fe5,1.0
4030196,2980,39,8e89bed6,ADV_IND,1,0,37,ec815552c208,1eff5c00121910964317dca2496a6825b31d9d412b6436d3f30931a092035c,1.0
1999021,2996,39,8e89bed6,ADV_IND,1,0,37,ec815752c208,1eff4c001219009e431e9cb2496a2025931915412b6434d6f30133a8930378,1.0
1998896,3002,39,8e89bed6,ADV_IND,1,0,37,d89cf6055e08,c0d6c5442059d6e18f5ba1af427b4ecde0e36202102ceff4c7ddd657b93db7,1.0
6028889,3020,39,8e89bed6,ADV_IND,1,0,37,eca11756d208,1eff4c0012191096531f9ca2496a6835b71915412b6436d2f30933a0930378,1.0
1999079,3038,39,8e89bed6,ADV_IND,1,0,37,eca15756c208,1eff4c0012191096431f9ca2496a6825b31915412b6436d2f30933a093037c,1.0
1999056,3071,39,8e89bed6,ADV_IND,1,0,37,ec815756d20c,1eff4c0012191096431f9ca2496a6825b31915412b6434d2f30933a093037c,1.0
10059228,3212,39,8e89bed6,ADV_IND,1,0,37,ec815756d288,1eff4c0012191096431f9ca2596a6825b31915412f6436d2f30933a0d303bf,1.0
1998973,3227,39,8e89bed6,ADV_IND,1,0,37,6c815756d008,1eff4c001219009643169cb2496a2825b31995452b6434d2f30933a89303bf,1.0
8028045,3237,39,8e89bed6,ADV_IND,1,0,37,da9cd696d208,c1d4cd442159dee1cf1bbdaf423b4e4d60eb6223902cef70c78d5257a13da7,1.0
5997160,3256,39,8e89bed6,ADV_IND,1,0,37,9a94b696d208,c1d6c5442059dee18d1aa5af427bcedd60eb7262902ccff4e78dd0c7a1bd27,1.0
5997060,3357,39,8e89bed6,ADV_IND,1,0,37,9abc76d6d208,c1d6c54c2059dee18f1ba52f407b4ecd60eb6222982cebf0e70dd255a13de7,1.0
1998909,3369,39,8e89bed6,ADV_IND,1,0,37,9a9ef6c6d208,e1d6c5402058fe61af1ba5afc27f4ecd60eb6222902ceff0c70dd257a13da7,1.0
20054193,3460,39,8e89bed6,ADV_IND,1,0,37,9a995756d208,d1f6cd642459dee09f1ba5af4a7b4e9d60eb42a2903cabf04f8dd257a33da7,1.0
10026809,3509,39,8e89bed6,ADV_IND,1,0,37,6ca15756d208,1eff4c0012191096431f9ca2496a6825b31915412b6436d2f30933a0930358,1.0
18023000,3617,39,8e89bed6,ADV_IND,1,0,37,9a94f6055f48,c1d6c555205bdfe18f1ba5af427b0ecd60eb6223922ceff0c78dda57a33da7,1.0
3997783,3624,39,8e89bed6,ADV_IND,1,0,37,94815756d208,c1d6c5450059dfe1870ba5a7523b4ecde0eb6222902ceff0c78dd657a13da4,1.0
8027996,3655,39,8e89bed6,ADV_IND,1,0,37,9a9cf6855f48,d1d6c5467059dee18b1ba5af427b4ecd60eb6222902ceff2c78dd257a13da7,1.0
6028955,3664,39,8e89bed6,ADV_IND,1,0,37,999ef206d208,c1d6c54420599ee18f1ba5a7427b4ecf64eb6222902ceff0d78dd257a13da6,1.0
24052061,3700,39,8e89bed6,ADV_IND,1,0,37,9e915756d208,c0d685442859dee18f1ba5afc27b4ecd61eb6122903ceff0c78dc257a13da7,1.0
3998205,3724,39,8e89bed6,ADV_IND,1,0,37,9a1cf6855f4a,41f6c5442059dee18f1ba5af427b6ecd64eb62669024eff0478df257a13da7,1.0
1999006,3739,39,8e89bed6,ADV_IND,1,0,33,eca15776d208,1eef4c0012990096431e9ca259486825b31915412b6436d2b30933,1.0
3997910,3741,39,8e89bed6,ADV_IND,1,0,37,9a9cf4c8d208,d1d6c5c42059dee1cf1ba5af427b4ecd60eb6222902ceff0c78dda57a13da7,1.0
1999043,3799,39,8e89bed6,ADV_IND,1,1,37,6c815776d088,1eff4c0056191096531f9ea2496a6025b31d15c16b7436d2f30933a8d3437c,1.0
4029912,3802,39,8e89bed6,ADV_IND,1,0,37,9a9cfe855f4a,c1d445442059dee38f1ba5af427b4ecd60ab6222902ccff0c78dd257a135a7,1.0
2030853,3815,39,8e89bed6,ADV_IND,1,0,37,9a9c7686d208,c3f6c5442059dee18f1ba5af42734ecde8eb6222982ceff0c78dd257a13ca7,1.0
7995748,3823,39,8e89bed6,ADV_IND,1,0,37,ba815756d208,c1c6c5442059dee0899be5af026b4ecd60eb2026902ceff0c6add257a13fa7,1.0
14025044,3851,39,8e89bed6,ADV_IND,1,0,37,9a8cf796d208,c3d6c5442059dee18f1ba5af427b4ecd60eb6232922ceff0c70dd255a13d37,1.0
5996792,3859,39,8e89bed6,ADV_IND,1,0,37,9a88f6855208,c1d6c54429f99ee9c713a5a6427b4ecd40eb6222902ceff0878dd257a13da7,1.0
11895071,3947,39,8e89bed6,ADV_IND,1,0,37,9a9cf756d208,c3d6c5402859dee1cf1ba5af42794acd60cb6226b02deff0c7edd257a13da7,1.0
1999060,3994,39,8e89bed6,ADV_IND,1,0,37,9abcf6855fea,c5d04744215bdee18f1ba5ae427b4ecc60eb622290aceff0c70dd277a13da7,1.0
4029965,4007,39,8e89bed6,ADV_IND,1,0,37,9f9cf756d208,c1d687442059dee18b19a5af027b4ecd60eb6222902cefe0c58dd377a13f07,1.0
3997834,4035,39,8e89bed6,ADV_IND,1,0,37,9a9cd656d208,c1d6c5042119dee18d1ba5af427b468d60eb622ad2acfff0d78cd257a03da7,1.0
6028818,4103,39,8e89bed6,ADV_IND,1,0,37,9a915756d208,c1f6c5442059cee18f18a5af427b4ecd60eb6222b02ceff0c68dd257b1bda7,1.0
1998895,4213,39,8e89bed6,ADV_IND,1,0,37,e4811756d208,1ebf4c0012191096431f9ca2596a6825b31d15412f6536d2f30933a0970392,1.0
1998940,4345,39,8e89bed6,ADV_IND,1,0,37,989d5756d208,c0d6c50c2459d6e18f1ba5af427b4ecd60eb6222902ceff0c70dd257a13f87,1.0
3998125,4361,39,8e89bed6,ADV_IND,1,0,37,9a9cff56d208,81d6c54420595ee18f1ba7af427b4fcd60eb62239029eff0870d5357a13da7,1.0
12026229,4579,39,8e89bed6,ADV_IND,1,0,37,ec835776c208,1ebf4c0012191096431f9ca2496a6825b71915412b6436d2f30931a0934359,1.0
1998860,4613,39,8e89bed6,ADV_IND,1,0,37,9a9cf6877f48,41d6c5462059d7e18f1ba5af427b4ec960cf6222902cefe0c58dd057a33d27,1.0
5996998,4653,39,8e89bed6,ADV_IND,1,0,37,ec815756c00c,1eff4c0012191096431f9ca0496a6025b31d15412b6436d2f30931a0970379,1.0
9995097,4779,39,8e89bed6,ADV_IND,1,0,37,1a9c7756d208,c1d2c5442051dfe11f1ba5afd27b4ecd60eb6222122ceff0c78dd257213ca7,1.0
3997769,4785,39,8e89bed6,ADV_IND,1,0,37,9a8cf6854f48,c1d6456420d9dee987bba5a7427bcecd60ef622a922ceff0c78dd247a13da7,1.0
3997619,4789,39,8e89bed6,ADV_IND,1,0,37,ec815576d208,1eef4c0052191096431fdca2496a6825b31915412b6436d6f30133a093030c,1.0
20022070,4799,39,8e89bed6,ADV_IND,1,0,37,9a9cfe86d208,c1d6c54428599ee18f1ba5af427b4ecd60eb62a2902ceff0478dd243e13da7,1.0
9994751,4866,39,8e89bed6,ADV_IND,1,0,37,1a94b696d208,c1d6c5442059dee14f1ba5af42734ecd20ab6222902cefb1c68dd247a13da7,1.0
5997423,4882,39,8e89bed6,ADV_IND,1,1,33,6ca15776d208,1eff4c0052191096431e9ca2496a2825b3191d416f6436d3bb0933,1.0
6028947,4926,39,8e89bed6,ADV_IND,1,0,37,9a98f2d6d208,c9d6c54420595ee18d1ba5af427b46cd60eb4222902cebf0c789d217a33da7,1.0
1999004,5041,39,8e89bed6,ADV_IND,1,0,37,989cf6815f08,c9d685443059dee18f19a5af43334ecf60e96222b03cefd0c78df257a13da7,1.0
5997214,5301,39,8e89bed6,ADV_IND,1,0,37,ec815552d208,1eed4c0012191096431f9ca2496a6825b31915416b6436d2f30933a09303d1,1.0
3997932,5378,39,8e89bed6,ADV_IND,1,0,37,9a9ef656d208,c1d6c5442079fbe18f0ba56f167b5ecd60eb6222102ceff4c7edd257a13da7,1.0
11993864,5394,39,8e89bed6,ADV_IND,1,0,37,9a9c7756d208,c1d6c5443059dee1cb1ba5ae427b44cd60eb622a902ce7f0c78dd257a13da7,1.0
4029960,5478,39,8e89bed6,ADV_IND,1,0,37,9b9cf6855208,c1f6c5442059cee18f1ba5af623b4eed60eb4223982cebf0e78dd257a13da7,1.0
1998908,5695,39,8e89bed6,ADV_IND,1,0,37,909ee686d208,c1d6c5440059dfe38f9ecdaf42795ecd60e32222906ceff0478dd257a13da5,1.0
1998956,5736,39,8e89bed6,ADV_IND,1,0,37,929cf756d208,c9d2c54420d9dee18f9ba5a7427b4ecd60eb6262902ceff0c68dd257b53daf,1.0
1998920,5741,39,8e89bed6,ADV_IND,1,0,37,98d85756d208,8176c5442159dae98f3ba58f427b4acd60eb6322902ceef0c78dd257a13da6,1.0
3998030,5808,39,8e89bed6,ADV_IND,1,0,37,9adcf656d208,c1d6c5442019dee18f1ba1af427347cd40eb6222902cecf0e68dd257a13da4,1.0
6028988,5851,39,8e89bed6,ADV_IND,1,0,37,9a9cd6855f58,c1d6d5442059dee18f1ba5af427b4ccc60eb6220902cefe0d78d4257a13da7,1.0
5996822,5878,39,8e89bed6,ADV_IND,1,0,37,9a8cf6845f48,c1d6c7442259dee00e1ba5af427b4ecd60eb6222802cefb0c38dd253a53da7,1.0
3997858,5881,39,8e89bed6,ADV_IND,1,0,37,ec815772d208,1eff4c0016190096431f9ca2596a6825b31915412b6436d2f30933a09303be,1.0
5997063,5925,39,8e89bed6,ADV_IND,1,0,37,1f8cf6a51f4c,c1d6c5442059ded18f1ba5af427b4ec960ab6222802eeff0c7a5d257b13da7,1.0
1998910,5988,39,8e89bed6,ADV_IND,1,0,37,9a8cf6815f4a,c1d6c5442159de618f1ab5af40714ecd20eb6222902cedf0c78992d7a13da7,1.0
6028960,6109,39,8e89bed6,ADV_IND,1,0,37,e4a15756d208,1eef4c0012191096431f9ca2596a6825b31d1d412f6436d3b30933a09303b9,1.0
4029827,6138,39,8e89bed6,ADV_IND,1,0,37,989cf6875208,c1d647442059cee18f1ba5af427b4ecc60eb6222b00ccff0c38dd257a13da7,1.0
6029110,6170,39,8e89bed6,ADV_IND,1,0,37,ec835756c208,1eff4c0012191096431f9ca2496a6825b31915412b6436d2f30933a09303b9,1.0
1998920,6230,39,8e89bed6,ADV_IND,1,0,37,6c811756d208,1eff4c0852191096431f9ca2496a6825b31815412b6436d2b30933a09303b9,1.0
2030980,6256,39,8e89bed6,ADV_IND,1,0,37,9a9cf685df48,c1d6e5440159dee18f5badaf427a4ecf60eb6222902ceff0e7add21fa13da7,1.0
10059161,6353,39,8e89bed6,ADV_IND,1,0,37,9adc76855e08,c196c5453059dec18f1ba5af407b8ecd60eb6222102ce7f0cf8df257a33da7,1.0
10026920,6364,39,8e89bed6,ADV_IND,1,0,37,ec811756c20c,1eff4c0012191096431f9ca2496a6825b31915412fe436d2f30933a0930306,1.0
4029993,6427,39,8e89bed6,ADV_IND,1,0,37,ec815752d20c,1eef85442019dec18f0ba5af427b4ecd60ef6322902ceff0c78dd257a13da7,1.0
11993733,6449,39,8e89bed6,ADV_IND,1,0,37,1a815756d208,c1d644442051de659f1ba5af407b4ecce2eb6a26902ccff8c78cc25fa1bda7,1.0
5996826,6569,39,8e89bed6,ADV_IND,1,0,37,9b9cf6851208,c1d6c5442419d6e38f1ba4afc27b4eed60eb6222902ceff0c78dd257a13da7,1.0
14024995,6688,39,8e89bed6,ADV_IND,1,0,37,9a9cf0855208,c2d6c5442059def18f19a5af437b4fcd60eb6226902ceff8c70dc257a12daf,1.0
1999072,6781,39,8e89bed6,ADV_IND,1,0,37,6c815756c208,1eff4c0012191096431f9ca2496a6825b31995412b6436d2f30933a09303ac,1.0
4029795,6883,39,8e89bed6,ADV_IND,1,0,37,9a1cf6855e4a,c1d6d5443059dee18f5aa5af42734edd60eb6622902ceef0c78df257a139a5,1.0
9994887,7195,39,8e89bed6,ADV_IND,1,0,37,9a9cf2855f6b,c1d6c5442019dee08f1badaf427b4e8568eb6222902ceff0c78dd257a13da7,1.0
2030906,7258,39,8e89bed6,ADV_IND,1,0,37,ec815756d20a,1eff4c0012191096431f9ca2496a6825b31915412b6436d2f30933a093039a,1.0
7995784,7259,39,8e89bed6,ADV_IND,1,0,37,8a9cf6855208,81d4c5446059fee18f1ba5af427bcec560eb6222902ceff1c78df256a13da7,1.0
8027825,7328,39,8e89bed6,ADV_IND,1,0,37,9b815756d208,c1dec5442059dee1cf0ba5ae425b4ecd60eb62a3186ceff0c78dd257a13da7,1.0
1998910,7345,39,8e89bed6,ADV_IND,1,0,37,9a9cf6855b4a,c1d6c5422051dea18f1ba5afc27b4ecd68eb6a2298aceff0c785d257a13db7,1.0
1998923,7366,39,8e89bed6,ADV_IND,1,0,37,98a15756d208,c1d6c5442059dee18f1ba5af527b4eed60eb6222902cff71c78dd217a13da5,1.0
2031056,7572,39,8e89bed6,ADV_IND,1,0,37,6ca11756d208,1eff4c0012191096431f9ea2596a6825b31915412b6436d2f30933a0930398,1.0
1703847,7603,39,8e89bed6,ADV_IND,1,0,37,e4831756d208,1eff4c0012191096431f9ca2596a6825b3191d416b6436d2f30933a0930394,1.0
2030946,7677,39,8e89bed6,ADV_IND,1,0,37,6c815756d288,1eff4c0052191096431f9ca2496a6825b31915412b6436d2b30933a0930394,1.0
4029946,7704,39,8e89bed6,ADV_IND,1,0,37,9a8cf6c55f4a,c1d6c5442059dee10f1ba5af427b4ecd60eb4222912ceff0c78dd257a13da7,1.0
12025996,7764,39,8e89bed6,ADV_IND,1,0,37,da9cf68d5fc8,c1d6854425599ee1af1ba5af423b4acd70fb6222902ceff0c7ad5657a13da7,1.0
5996850,7776,39,8e89bed6,ADV_IND,1,0,37,8a9cf6055e08,c15685442059de718f1be4bf487b0ecd60eb6222907ccff0c7cdd257a53de7,1.0
10026921,7807,39,8e89bed6,ADV_IND,1,1,37,eca15752d208,1efd4c0012990096431f9ea2594a6825b3181dc12f7436d2b30931a0d34359,1.0
20054199,7843,39,8e89bed6,ADV_IND,1,0,37,9a9cf652d208,c1d6c5442058dc618f1ba5af427b4edd70eb6222902ceff0c78cd257a13da7,1.0
4029822,7856,39,8e89bed6,ADV_IND,1,0,37,929cf6855f4a,c1d6c5440059dee18f19a5af42735ec564eb62221028eff8c7cdd256a13d27,1.0
5996901,7915,39,8e89bed6,ADV_IND,1,0,37,eca15756d288,1ebf4c0052991096431f9ca2596a6825b31915416ff416d2f30933a09603d3,1.0
5997199,7951,39,8e89bed6,ADV_IND,1,0,37,9a1cf6855208,c1d6c5442479dee18f1fa5af427b4ecd60eb7202942ceff0c78dd2d7a13da7,1.0
3997960,7954,39,8e89bed6,ADV_IND,1,0,37,9a94d6855f09,c1f4c5442059dee9cf13a5eec27b46cd60eb6220982ecff0c78dd25fa13de7,1.0
6028967,8054,39,8e89bed6,ADV_IND,1,0,37,989cf6855208,c1d6c5442059dee18f1387af427b6e8d60eb622290accff0c78dc257a11da7,1.0
5996936,8072,39,8e89bed6,ADV_IND,1,0,37,d2a15756d208,c1c6c5442059dae18f1ba5af427b4ecdc0eb6222902ceff4e78dda57a93d87,1.0
1999027,8215,39,8e89bed6,ADV_IND,1,0,37,189cf6d6d208,c0d6c5443259dee18f9ba5af437b4edd60eb6223902ceff0c78dd257a33d87,1.0
3997800,8429,39,8e89bed6,ADV_IND,1,0,37,9a9cf686d208,c1def5042059dee18f1ba5af427b4ecd60eb6222802ceff0c5add257a13da7,1.0
3998105,8966,39,8e89bed6,ADV_IND,1,0,37,9a1c5756d208,c156e5442059b4e18f3ba5af43794ecdf0eb6222902cedf3e784d257a03d97,1.0
2030771,8995,39,8e89bed6,ADV_IND,1,0,33,9a9c5756d208,69d6c5042059dee58f5ba5af427b4ecd60eb6a2b902ceff0c78d16,1.0
3997799,9027,39,8e89bed6,ADV_IND,1,0,37,9a9cf68dd208,d1d6c54420499ee19f5ba5af427f4ccd60eb6222902ceff0c78dd257a13d87,1.0
10027253,9071,39,8e89bed6,ADV_IND,1,0,37,ec831756d208,1eff4c0052191096431f9ca2494a6825b31915412b6436d2f30933a0d3032f,1.0
8027938,9113,39,8e89bed6,ADV_IND,1,0,37,9a9cf356d208,c1d6c5442059d6e18f1ba7af427b4ecd60eb6222902ceff0c78d5257a12da7,1.0
5996855,9141,39,8e89bed6,ADV_IND,1,0,37,9a9cf6c4d208,c3d6c5442059dee78f1ba5af427b46cd60eb6222902ee6b2c78dd25fa13da7,1.0
3997907,9301,39,8e89bed6,ADV_IND,1,0,37,9a1cf6815f08,c1d6854420d9de618f5ba5af027b4ecd64eb6022910caff0c78dd257a13d27,1.0
4029985,9486,39,8e89bed6,ADV_IND,1,0,37,ec815756d28a,1eff4c0012191096431f9ca2496a6825b31915412b6436d2f30933a0930341,1.0
7995869,9537,39,8e89bed6,ADV_IND,1,0,37,9a9cf6855b48,c3dec544805bdee18f1ba5ad427b4ecd60fb66a29228eff0c789d257a13da7,1.0
14025016,9808,39,8e89bed6,ADV_IND,1,0,37,9adcf756d208,c5cec5452059dee18f1ba58f427f4cc560ab6202940ceff0c78dd257a03ca7,1.0
9994932,10189,39,8e89bed6,ADV_IND,1,0,37,9a9ce6915f4a,c5d7c54d2059de818f1fa5af427b4ecde0eb2222902ceff0c78d9257a13da7,1.0
10026700,10193,39,8e89bed6,ADV_IND,1,0,37,e4815756c208,1eff4c0012191096431f9ca2596a6025b31915452b6436d2f30933a093035e,1.0
12026100,10316,39,8e89bed6,ADV_IND,1,0,33,6c815776d208,1eef4c0012191096431f9ca2496a6825931915452b6436d2f30933,1.0
10026925,10531,39,8e89bed6,ADV_IND,1,0,37,9abcf6d6d208,c1d6c544005c5ae18f5aa4af467b6ccd20eb626a902ceff0d78dd25fa73da7,1.0
5996791,10714,39,8e89bed6,ADV_IND,1,0,37,9a9cf6a5554a,c1d7cd442059dce19f3ba5af027b4ec940eb6662902ceff0478dd257a13da7,1.0
6028958,10912,39,8e89bed6,ADV_IND,1,0,37,da815756d208,c0d6c5443059dee58f1ba5af427b4eed70eb6222902ceff0c50dd257a13da7,1.0
12026311,10930,39,8e89bed6,ADV_IND,1,0,37,929cb6855a08,c1d6c544a058dee18f1ba58f425b4ecd60eae222902ceff0c78dd257a13da6,1.0
4029440,10962,39,8e89bed6,ADV_IND,1,0,37,929c7756d208,c1d6c5442049dce18f1ba5ad42734e4d60eb6232922ceff0c78dd256b13da7,1.0
3997897,11149,39,8e89bed6,ADV_IND,1,0,37,da9c7e857f58,c1e6c5442559dee18f1fa52f423b4ecd60e3602ab028eff2c78dd357a1bda7,1.0
8028086,11211,39,8e89bed6,ADV_IND,1,0,37,64815576d208,1eff5c001219001653169cb2596a6025931915412f6436d2fb0933a092037d,1.0
1999001,11312,39,8e89bed6,ADV_IND,1,0,37,8a9cf6854f4a,c1f6c7442059dee38f1aa5af46734ec560e9622a903ceff0c78cd257a13da7,1.0
1999002,11359,39,8e89bed6,ADV_IND,1,0,37,1a9d5756d208,41d6c7442059dee1971ba5afc2734ecd60eb6223902ceff0c79df257a13da7,1.0
5996952,11368,39,8e89bed6,ADV_IND,1,0,37,9adcf6855f4a,c5d6c5c420595ee18f9ba5af46bb0edde0eb6222902ccff0c59dd257a53da7,1.0
7995829,11397,39,8e89bed6,ADV_IND,1,0,37,9e9ef756d208,c1d6c5442059dee18f1ba5af42734ec560eb6222902ccff1c78dd647a139a7,1.0
6029126,11494,39,8e89bed6,ADV_IND,1,0,37,9a9cf6055f48,c0d6c5442059dae18f13a5e7427b4edd64eb6622902ceff0c79dd257a13fa7,1.0
3998060,11551,39,8e89bed6,ADV_IND,1,0,37,9a9cf7855208,c1d6c5442059dee19f1ba5afc07b4fcd60eb626a902cafb8c78dd257a13da7,1.0
1998911,11703,39,8e89bed6,ADV_IND,1,0,37,9a8cf696d208,c1d6c5442259dee18f1ba5af427b4e4d68eb6222b02aefe0c70cd257a13fa7,1.0
2031016,11751,39,8e89bed6,ADV_IND,1,0,37,9a9cf6857b08,c1d6c7c620d9dee18f1be5af427b4ecd60eb4822b02ceff0c78dd257a13da7,1.0
3997908,11845,39,8e89bed6,ADV_IND,1,0,37,ec815756d22a,1eff4c0012191096431f9ca2496a6825b31915412b6436d2f30933a09303cf,1.0
6029158,11891,39,8e89bed6,ADV_IND,1,1,37,6c831756d208,1eff4c0016191016431f9ca249686025b31915412b6416d2f30933a09303cf,1.0
7996129,11948,39,8e89bed6,ADV_IND,1,0,37,9b9cf756d208,c1d6c5442059dee18f8ba5af423b4ecd64eb6222902ce7f4c78dd295a13da7,1.0
1998887,12104,39,8e89bed6,ADV_IND,1,0,37,da9c7385574a,4196c5442059dec38f1ba5af427b4ecc60abe222902cefb0c78dd257913da7,1.0
16056311,12124,39,8e89bed6,ADV_IND,1,0,37,ba9cd756d208,c1d6c5442459dac98e1ba1af427b4ecd606b6222902ceff0c78d1257a13da7,1.0
14024935,12251,39,8e89bed6,ADV_IND,1,0,37,9a9cf696d208,c1d245442059d6e18f1b85af427b4ecd60cb6620902ceff0c789d247a13da7,1.0
4030083,12304,39,8e89bed6,ADV_IND,1,0,37,ec815752c20c,1eff5c0012190096531fdcb2496a6825b31915412b6436d6fb0933a0930376,1.0
4030002,12470,39,8e89bed6,ADV_IND,1,0,37,9a9ce756d208,d1fed5462051dee18f1da5af467b5ecd40eb6322906ceff0c78dd257a33de7,1.0
9994992,12503,39,8e89bed6,ADV_IND,1,0,37,9a9f5756d208,c1d6c5662059dee19f1fa5ab427b4ecd60eb6222b06ceff0e78cd217e13da5,1.0
2030912,12533,39,8e89bed6,ADV_IND,1,0,37,9a9c66855f4a,c1d6c5442059fea58f1ba5af1a7b0e4d42eb6222902ceff4870dda57b339a7,1.0
1998914,12579,39,8e89bed6,ADV_IND,1,0,37,ba9c5756d208,c1d6cd440049dce18f1585af527a6ecd60eb6222102ceff0c70dd657a13da7,1.0
20054048,12688,39,8e89bed6,ADV_IND,1,0,37,9a9476c55748,c296e5442059dee09f1f25af427b4ecd60eb2222102ceff4878dc217a13de7,1.0
1999105,12742,39,8e89bed6,ADV_IND,1,0,37,6c815756d28c,1eef4c0052191096431fdca2596a6825931915412b6516d2f30933a09703f5,1.0
3998067,12752,39,8e89bed6,ADV_IND,1,0,37,eca11756c208,1eff4c0012191096431f9ca2496a6025b31995412b641692f30933a09703f5,1.0
4030015,12797,39,8e89bed6,ADV_IND,1,0,37,9a9cfe855a08,c1f6c5442059dee10b0ba5af567bcecd40ab6262902ccff0cf8dd257a13da3,1.0
1999053,12844,39,8e89bed6,ADV_IND,1,0,37,9a9cf7a4d208,c9d6c544205bdce18f1ba5af406b4ecd60ea6206942ce7f0cf8dd256253da7,1.0
10027108,13119,39,8e89bed6,ADV_IND,1,0,33,ec811756d288,1eff4c0112191096431f9ca2596a6825b3181d412b6436d2f30933,1.0
1999046,13160,39,8e89bed6,ADV_IND,1,0,37,929cff56d208,c196c1443159dee18f1b25af433b4ec960eb6222912ceff0c791d253a12da7,1.0
1966743,13313,39,8e89bed6,ADV_IND,1,0,37,928cf6857208,c1c6c74c2059def08f1ba5ae627b4f8f60ea6222b22ceff0c78dd257a13da7,1.0
1999055,13332,39,8e89bed6,ADV_IND,1,0,37,9a9cf685d208,c0d6c0442251dee08f3ea58f407b4fc568eb23a2902ceff0c78dda57a13da7,1.0
5996787,13363,39,8e89bed6,ADV_IND,1,0,37,ec835576c208,1eff4c0012191096431f9ca2496a6835b3191d412b6436d2f30931a093434d,1.0
4029967,13375,39,8e89bed6,ADV_IND,1,1,33,ec835752d208,1eff5e0052191096431f9cb2596a6825b31915416f6414d2b30931,1.0
11993905,13381,39,8e89bed6,ADV_IND,1,0,37,9a9ef4855f48,c1d6c5402059dee1cf1ba5af423b4fcd60ef6262902ceef0c78dd277a13da7,1.0
5996979,13390,39,8e89bed6,ADV_IND,1,0,37,989ce6855f48,c1d6444420595ce18d9fa5af627f4aed42ab6202d02ceef0c68d9056813da7,1.0
1999060,13453,39,8e89bed6,ADV_IND,1,0,37,9a98f6855208,c1d6c5402019dee18f1ba5af42774ecd62eb6222903ceff0c78dc257a13da7,1.0
5997042,13603,39,8e89bed6,ADV_IND,1,0,37,6c815756d20c,1eff4c0012191096431f9ca2496a6825b31915412b6436d2f30933a09303cc,1.0
1999038,13651,39,8e89bed6,ADV_IND,1,0,37,928cf756d208,c1d6c5442059dee10f1ba5afd27b4acc40eb2232902c6ff0c78dc257a13da7,1.0
1998918,13682,39,8e89bed6,ADV_IND,1,0,37,be9cf6855f48,c1f6c5c42059dee18f9ba7ef427b4ecd60eb6222902ce7f0c78d9017213da7,1.0
1998834,13703,39,8e89bed6,ADV_IND,1,0,37,8a9cf6855f48,c1d685446059dee1cd1ba12f427b4ecd64eb7222902c6ff0c785d257b1bda7,1.0
3997979,13740,39,8e89bed6,ADV_IND,1,0,37,6c815752d208,1eef5c0052191096531f9ca2596a6825931915412b6436d2f30933a0930388,1.0
1998962,13885,39,8e89bed6,ADV_IND,1,0,37,da9cf6855f4a,c1d6c5440059fee18f3ba5af027b4ecd60eb6222a02eeff0c78dd256a53da7,1.0
6029007,13951,39,8e89bed6,ADV_IND,1,0,37,9a9cf6875208,c1d6c5446059dee18f1ba5af427b4eed69ab6220d02ceff0d78dd357a13da5,1.0
12025955,13963,39,8e89bed6,ADV_IND,1,0,33,ec811752d208,1eff4c0052191096431f9ca2496a6825b31995452b6536d2f30933,1.0
3997861,14023,39,8e89bed6,ADV_IND,1,0,37,9a9cf6047208,41d7cd462059dee58f1ba5af437b6ecd60e36222902ceff0c78dd247a13d23,1.0
20021808,14100,39,8e89bed6,ADV_IND,1,0,37,9a94f756d208,c1d7c5662059dec18f1ba5af427f4f8d60ab7222902ceff0878dd25fa13da7,1.0
3998047,14134,39,8e89bed6,ADV_IND,1,0,37,1a9cf685d208,c1d6d54c2059dee1af1ba5a7c27b4e4d60eb7222902ceff0c78dd256a93d87,1.0
26051188,14225,39,8e89bed6,ADV_IND,1,0,37,ec815752d008,1eff4c0012191096431f9ca2496a6835b71915412b6436d2f30933a09303ee,1.0
3997774,14321,39,8e89bed6,ADV_IND,1,0,37,8a88f7955f4a,e1d6c5442059dee18f1be5af427b5ecd60eb6222902ceff0d78dc257a13db7,1.0
1999051,14419,39,8e89bed6,ADV_IND,1,0,37,9adcf696d208,c1d6c5442458dce0af1fa5af427f4ecd40fb6222902ce7f0c78cd2d5a53da7,1.0
3998051,14428,39,8e89bed6,ADV_IND,1,0,37,9a9c7684d208,c1d4c5c42159dee18f1b85af427b4e8960eb6322d064aff0e785d257a13da6,1.0
6028828,14579,39,8e89bed6,ADV_IND,1,0,37,9a9cfa845f48,cbd6c5442019de258f1b25af427beecd60eb622290acfff0c7acd257a11d87,1.0
7996075,14640,39,8e89bed6,ADV_IND,1,0,37,9a9ce6844208,c5d6c5442959def38f7ba5af427b4ecd60e96222902cefb0c78dd3d7a139a7,1.0
6028874,14841,39,8e89bed6,ADV_IND,1,0,33,6ca15756d288,1eef4c0052190096431fdca2596a6825b3191d416f6436d2b30133,1.0
3998073,15127,39,8e89bed6,ADV_IND,1,0,37,b99cf4055e08,c1d685c42059dee18fdaa5af427b4ecde06b6222902cedf0c78dd277813fa7,1.0
12025965,15256,39,8e89bed6,ADV_IND,1,0,21,1a9cf6855b0a,55c6c5442058dae18f1b05ad42714e,1.0
1999004,15273,39,8e89bed6,ADV_IND,1,0,37,9a9ed6d6d208,c1d6c5042059de41cd1ba5af427b4ecd60eb6202902ce3f1c7cdd252a13da7,1.0
4030099,15376,39,8e89bed6,ADV_IND,1,0,37,8a995756d208,c1d685442059dae18f19a5af427b4ecd60fb6222906ceff0c78cd257a13da7,1.0
1999009,15393,39,8e89bed6,ADV_IND,1,0,33,e4835756d208,3eff4c0012991096431f9ca2496a6825b31995412b6436d2f30933,1.0
3997901,15401,39,8e89bed6,ADV_IND,1,0,37,ec815776c208,1ebf5c001219109e531f9ca24d6a6025b31915452b6436d2b30933a09343db,1.0
1999072,15602,39,8e89bed6,ADV_IND,1,0,37,929cf6055f48,c1d6c5442051da608f1ba5af427a4ecd60ea6222900ceff0c78dd257a13da7,1.0
7733689,15626,39,8e89bed6,ADV_IND,1,0,37,9a9cf6855f4a,c1dec5542059dee38f1ba5af427b4e8d60eb6262902ceff0c68dd257a1bda7,1.0
6029289,15680,39,8e89bed6,ADV_IND,1,0,37,9a9c9756d208,c1d7c544207bdee18f1ba58f027b4ecd60ef6222902ceff0c78fda57a139a7,1.0
3998074,15724,39,8e89bed6,ADV_IND,1,0,37,ec815756c008,1eff4c0052191096531f9ca2496a6825b31915412b6436d2f30933a09303bb,1.0
6028889,15779,39,8e89bed6,ADV_IND,1,0,37,9a015756d208,c1d6c5442c19dee18f51a5ae42fb8ecd60ea6022902ceff0c785da57a1bda7,1.0
1998993,15845,39,8e89bed6,ADV_IND,1,0,37,e4815752d208,1eff4c0012191096531f9ca2496a6825b31915412b6436d2f30933a0930393,1.0
7995946,15929,39,8e89bed6,ADV_IND,1,0,37,889cb6855c08,6196c5c620589ee18f1ba5afc27b4fcd60ebe22290aceff2c78d9257a33da5,1.0
14024732,15954,39,8e89bed6,ADV_IND,1,0,37,9a9cb6d6d208,c1d6cf442059d6e18f1ba5af427b4fcf60eb6223902ceff0c78dd256a13da7,1.0
22052901,16121,39,8e89bed6,ADV_IND,1,0,37,929cf486d208,c7d685442059dee18f9b2cbf027a4ecd61eb6222b02def70c78dd055a11d87,1.0
1998895,16409,39,8e89bed6,ADV_IND,1,0,37,9a9cf6855a08,c1d6c54c2051dee1871ba5a742fb46cd60ef622210aceff8c38dd257a33d27,1.0
20054225,16463,39,8e89bed6,ADV_IND,1,0,37,9a9d5756d208,41dec5642059dee18b1ba5af427b0ecd61e96222902ceff0c78d5257a13da7,1.0
3997973,16517,39,8e89bed6,ADV_IND,1,0,37,98dcf356d208,c194c5c42059dee08f9ba4ab427bcecd60eb6222982ceff0c78dd257a13ca7,1.0
3998141,16579,39,8e89bed6,ADV_IND,1,0,37,9a9cf6855e08,c1d6c54420d9dee18f1a24ae42730ecd60ef6222902cefd0c38dd357a13da7,1.0
12026427,16588,39,8e89bed6,ADV_IND,1,0,37,9e9ce6c55d48,d386c54422595ee18f0ba5ae427bee4d60ea6222902c87f8e58dd357811da7,1.0
6029216,16721,39,8e89bed6,ADV_IND,1,0,37,9a9cf6865b88,c1d6c744a078dee18f1ba7af437f4ecd40eb6222900ceff4c78dda5fa13da7,1.0
3998070,16957,39,8e89bed6,ADV_IND,1,0,37,eca35756d208,3eaf4c0112191096431fdcb2496a6825b31915412be436d2f30133a0970315,1.0
5996978,17036,39,8e89bed6,ADV_IND,1,0,37,9a9cb6855f48,c1ffc5442a59dee98f1faf8f427b6ecd60eb6223b02ceff0c789d257813da7,1.0
10027022,17262,39,8e89bed6,ADV_IND,1,0,37,6c835772d208,1efd4c0012191096431f9ca2496a6025b31915412b6436d2f30933a093037a,1.0
7996064,17489,39,8e89bed6,ADV_IND,1,0,37,9aacbe05d208,c1d6c5442059dee9af1b25af423b4ecd61eb6226902caef0c78dd2558139a6,1.0
3998010,17639,39,8e89bed6,ADV_IND,1,0,37,ec815776d008,1efd4c0012191096431e9ca2496a6025b31995412f643692f30931a89603d5,1.0
10059196,17829,39,8e89bed6,ADV_IND,1,0,37,9a84f496d208,41d6cd442059dfe98f9b818e426b4ecd60a14222d8ecef70d38df257213da7,1.0
14025205,17892,39,8e89bed6,ADV_IND,1,0,37,9a9cf6855ee8,c1d6c5442059dee18f1ba5af427f4ecd60c962229028eff0c7cdd257a13da7,1.0
18023047,17927,39,8e89bed6,ADV_IND,1,1,33,eca35552c20c,1eed5c005219001653169ea259486035b31c95416b7536d6b30931,1.0
1999021,17981,39,8e89bed6,ADV_IND,1,0,37,9a9df685df08,c1f6e5442059dee18f1b25a7427b4ecde0eb62229028eff0c68cf255a13da7,1.0
7996085,17983,39,8e89bed6,ADV_IND,1,0,37,6ca15756d008,1eef4c0012191096431f9ca2496a6825b31915412b6436d2b30933a0930358,1.0
1999069,18033,39,8e89bed6,ADV_IND,1,0,37,9a9df6855208,e1d6c5441059dee18f9ba42f425f4ecd60a96222902ceff1878fd257a535a7,1.0
1999132,18085,39,8e89bed6,ADV_IND,1,0,37,9a9cf6255a08,c5c6c4442059dfe18f1ba5ad427a5e4d60ef6622902ceff0879dd257a13da7,1.0
4029834,18102,39,8e89bed6,ADV_IND,1,0,37,ba9cf6875f08,c1d6c5442019dee38d1ba52e427b4ecd20eb6212982ceff0c78dd217e13da7,1.0
8027694,18273,39,8e89bed6,ADV_IND,1,0,37,9a9cf68d5fd8,c1d6c5442859dee18d13a5af427b4e4d64eb6322902ceff0c79dd257a13ca7,1.0
12025814,18383,39,8e89bed6,ADV_IND,1,0,37,9b9ce696d208,c1d6c5442059dee18f1be5af027a4ec560eb6322b02ceff0c78dd257a13fa7,1.0
8027929,18482,39,8e89bed6,ADV_IND,1,0,33,e4a15752d208,1eff4c0012191096431f9ca2594a6825b31915412f6536d2f30933,1.0
12025881,18523,39,8e89bed6,ADV_IND,1,0,37,5a98e684d208,c1d685042259dee18f1ba59f427b5ecd60eba222902ceff0c78dd255a13da7,1.0
8027858,18601,39,8e89bed6,ADV_IND,1,0,33,9a9cf556d208,c1d6c5442059ce618f1badaf477b4ecd60ebe2229028cff0c78dd6,1.0
7996109,18708,39,8e89bed6,ADV_IND,1,0,37,db9cf6855f4a,c1d6c5c42359deeb8b0b25be427b4fc960696222902cc6f0e78d5a57a13db3,1.0
4029937,18742,39,8e89bed6,ADV_IND,1,0,33,6c835756d208,1eef4c8012991096431fdca2494a6025b31915412b6516d2f30933,1.0
1999034,18745,39,8e89bed6,ADV_IND,1,0,37,9ad8f69d5e08,41dad74c20595ee18f1ba52f427b4ecd656b6022923cef78c38dd255a13da7,1.0
7996048,18751,39,8e89bed6,ADV_IND,1,0,37,9a8da606d208,c1d6c5542009de618f1ba5ae427b4fcd60eb6632802cefbac78dd257a11ca7,1.0
1998935,18813,39,8e89bed6,ADV_IND,1,0,37,9a9cf4815f4a,c1f685442058dee18f9bb5af427a4edd60eb6222902ceff8d70dd255a139a7,1.0
7996301,18820,39,8e89bed6,ADV_IND,1,0,37,eca35776d208,1eef4c0052190096531fdca0496a6825b31815412b6536d3f30933a09303ca,1.0
1999088,18902,39,8e89bed6,ADV_IND,1,0,37,9a9cd6855a08,c1d6e44c2059dfe18f0ba7af427b4ecd62eb6222904ceff0c78dd257a33da7,1.0
3997934,18984,39,8e89bed6,ADV_IND,1,1,33,6ca15756d00c,1eef5c0052191096531f9ca2596a6825b3191dc12b6516d3f30933,1.0
3997942,19105,39,8e89bed6,ADV_IND,1,0,33,e4811756d288,1eff4c0012191096431fdca2596a6825b31915452f6536d2f30933,1.0
3997904,19278,39,8e89bed6,ADV_IND,1,0,37,9b915756d208,e9d645442259dee1cf1ba5af406b4ecd60eb62229426eff0c78dd257a17da7,1.0
10027169,19300,39,8e89bed6,ADV_IND,1,0,37,9a9cf6c54f4a,c1d6c5642839de698d1ba5a7427b4ccb60eb7262903ceff0878dd257a13da6,1.0
5997070,19360,39,8e89bed6,ADV_IND,1,0,33,ec835756c008,1eef4c0016991096431f9ca2496a6825b31d1d416b6536d2f30933,1.0
18054994,19398,39,8e89bed6,ADV_IND,1,0,37,9b8cf6855e08,c1c6c746205bdee00d9ba5af417b4eed60eb6222902ceff0c78d4257a13ca5,1.0
5997201,19601,39,8e89bed6,ADV_IND,1,0,37,cc815756d208,c1d6c5442059dea18f1ba5af4a7846c540eb42229024ef90c78dd357c13da7,1.0
1998974,19637,39,8e89bed6,ADV_IND,1,0,37,aa9d5756d208,c1f6c5443059dea18f1ba5af427b4e8d60eb6220902ceff0e685d257a11da7,1.0
3998032,19803,39,8e89bed6,ADV_IND,1,0,37,9a9cb2855b72,c1f6c5452051dfe08f1ba5ef427b4ecd60e96222902ceff0c78dd257a13da7,1.0
2031037,19875,39,8e89bed6,ADV_IND,1,0,37,9e9cf285d208,cdd6c4442059dee18b1fa5af42fb6ecd606a6222802cee70c38dd2d7a13da7,1.0
22053300,19911,39,8e89bed6,ADV_IND,1,0,33,e4a11756d208,1ebf4c0012191096431f9ca2494a6825b31915412b6436d2f30933,1.0
8028052,19913,39,8e89bed6,ADV_IND,1,0,37,8e9cf696d208,c1d6c74420d9bee18f1ba5af427b4ac560ebe220806cefb0c69dd257a03db7,1.0
2030908,20001,39,8e89bed6,ADV_IND,1,0,37,e4835756d288,1eff4c0012191096431f9ca2496a6825b31915412b6436d2f30933a09323a7,1.0
1998568,20024,39,8e89bed6,ADV_IND,1,0,37,9a9cf6055f40,c1d6b54420d9dee18f9ba7af427b4ecd60eb6a2290244dd0c689d257a33da7,1.0
3997959,20176,39,8e89bed6,ADV_IND,1,0,37,1a9cf6a55f48,c146c5442051dee18e9ba5af427b4ecd60eb222a902cbff0c785d255a93d27,1.0
5996896,20315,39,8e89bed6,ADV_IND,1,0,37,9a9cf2855f4a,c1d6c4452059dee18f1ba5ab4a7b4fcd60eb632a902ceff0c78dd657813d87,1.0
4030188,20330,39,8e89bed6,ADV_IND,1,0,37,9a9cf605d208,c1d6c5442c59dee18f1a25af4b794ecd60cb6262942ceff0d38cd057a13da6,1.0
3998001,20356,39,8e89bed6,ADV_IND,1,0,37,eca15756d20c,1eef5c0012991096431f9ca2596a6825b31815412b6436d3f30933a09303cf,1.0
16056024,20526,39,8e89bed6,ADV_IND,1,0,37,9a98f6855a08,c1d4c5c42051dfe18f0ba5aec26b4ecd60eb7222902ceff0478d9277a139a7,1.0
16023891,20669,39,8e89bed6,ADV_IND,1,0,37,ba9cd7855208,c1d6c5442459dee18d1ba4af627b4ecd60eb2222902ccfd0c78dd257a57da7,1.0
7996068,20707,39,8e89bed6,ADV_IND,1,0,37,9a94f6855f48,c1d6c5443059dee18f1ba5af427b4ecd62eb6222902ceff0ce8d9257a13da7,1.0
14024966,20731,39,8e89bed6,ADV_IND,1,0,37,1adcf6c55f0a,c157c5402019dae38e1ba5af427b4ecd607b6220916cedf0c78cd257a13da7,1.0
4030055,20778,39,8e89bed6,ADV_IND,1,0,37,db9cf6855f48,c1d645442059fee18f1ba5ef42794ecd60ea6226902caff0c78dd257a33da7,1.0
2031005,20840,39,8e89bed6,ADV_IND,1,0,37,9a9cf68d5208,c1d6c5442859dee18d1ba5af527b4ecd60eb622098aceff0c78dd257a12da7,1.0
1999034,20844,39,8e89bed6,ADV_IND,1,0,37,8a9cf6855f08,c156c5442019dee18f1ba58f427b4ecde0e36222922ceff0c7add257a33da7,1.0
5997337,21189,39,8e89bed6,ADV_IND,1,0,37,9a9cf6a55f08,41d6c5442019def19e1badaf424b4ecd60eb63229028eff0c70d5257a1bda7,1.0
3998062,21293,39,8e89bed6,ADV_IND,1,0,37,8a9c7686d208,41dcc5442059dee38b1fa5af427b4ec560e96222902ceff1c7cdd257a13daf,1.0
5997020,21384,39,8e89bed6,ADV_IND,1,0,37,921df6855f08,c1d6c5452059dee18f1aa58f627b4ecd60eb6222940cebf0c78dd257813da7,1.0
8027928,21626,39,8e89bed6,ADV_IND,1,0,37,9a9cf6854b4a,c9d685cc2059dee18f13e5af427b4ead60ea6202902ceff0c78dd257a13da7,1.0
1998920,21853,39,8e89bed6,ADV_IND,1,0,37,da995756d208,e9d6c5442059fee18f1ba5adc27b4ecd60eb6202902ceff047cdd257ad3da7,1.0
3998086,21868,39,8e89bed6,ADV_IND,1,0,37,929df682d208,c1d6d5442059def18f1b85ae427b46cd61eb6222902faff0c78df217a13da7,1.0
2030875,21897,39,8e89bed6,ADV_IND,1,0,37,989cd6855f48,c1c6456420599fe18f1ba5af427b4ecd60eb6222902ceee0c78dd257a13da7,1.0
8028154,21979,39,8e89bed6,ADV_IND,1,0,37,9a9ce696d208,85d2c7442049dee18d1ba5af527b4e8d60eb6322902cef71c7acd257a13da7,1.0
3899279,22071,39,8e89bed6,ADV_IND,1,0,33,ec835756d00c,1ebf4c001219101e431f9ca24d6a282560cb6222902ceff2c78d52,1.0
20054206,22291,39,8e89bed6,ADV_IND,1,0,37,1a9cf6855f4e,41d6c5442059dee18f1ba5cf427b4ecd40e96222902ceff0c78d5253a03da7,1.0
5996989,22584,39,8e89bed6,ADV_IND,1,0,37,92a15756d208,c1d6c5c42059dee18f1aad2f407b4fcc604b623a902ceff0c38d4257a12da7,1.0
4030210,22720,39,8e89bed6,ADV_IND,1,0,37,ec815756d202,1eff4c0012191096431f9ca2496a6825b31915412b6436d2f30933a09303da,1.0
4029906,22813,39,8e89bed6,ADV_IND,1,0,37,ec811756c208,1eff4c0012191016431f9cb2496a6025931915412b6436d2f30931a0970328,1.0
1998891,22997,39,8e89bed6,ADV_IND,1,0,37,9a9cf68d5f48,c3d6c54c2041dfe19b13a5af427b44cd60cb6222982d4ff18f8dd257a13db7,1.0
22052929,23016,39,8e89bed6,ADV_IND,1,0,37,9abcf6855e08,c1d6c544205bdee18e1ba5af427b4e8d60eb223a902ceef0c78dd257e13faf,1.0
3997906,23031,39,8e89bed6,ADV_IND,1,0,37,da9cd756d208,c1d6c5400059dee14f1b85af427b4ecd60e8632292aceff0c7add257a13da7,1.0
3997842,23206,39,8e89bed6,ADV_IND,1,0,37,db815756d208,c15685442059dee48f19a7af425b6eed20eb622a902ceff0c78cc2d0a13ca7,1.0
2030883,23207,39,8e89bed6,ADV_IND,1,0,37,9a9cf685de08,c1d7c5442059dee18f1ba5bf827b4ecd60eb623a980de7f0e78dd157a13da7,1.0
12057888,23245,39,8e89bed6,ADV_IND,1,0,37,9a98f6815208,c1f6c0642059dee18f1ba5af467b4ecd60eb6222982ceff0c78cd217803da7,1.0
14025213,23276,39,8e89bed6,ADV_IND,1,0,37,9a9ef6855f48,c1de85443059dee18f1ba5af427b5e4d606b6222902ee7f0c7adf057a13ce7,1.0
7995814,23335,39,8e89bed6,ADV_IND,1,0,37,fa9cf6855f48,c1d685542059dee18f1ba5ab42735e8560eb6020902ceff0478dd247a937b7,1.0
4030211,23430,39,8e89bed6,ADV_IND,1,0,37,8ac15756d208,4156c5642059def18f3ba5af527b4ecd60eb7a62902ceff1c78dd257a33ca7,1.0
3997860,23454,39,8e89bed6,ADV_IND,1,0,37,9adcf2955f4f,c0d6c5442059dee18f1ba1af425b4ecd60eb72a2922ceff0c78d9257a11da7,1.0
1998811,23490,39,8e89bed6,ADV_IND,1,0,37,9a9cf6855f6a,c1d6d5440059dee58f1ba5af427b6ecde0eb622a902ceff0c78cd257a13ca7,1.0
9863416,23544,39,8e89bed6,ADV_IND,1,1,37,fdea8c9d8050,1eff4c001219101156e2bc1d3aeceb467b457e5459fa56de3dd40f1f07015d,1.0
2031029,23635,39,8e89bed6,ADV_IND,1,0,37,fdea8c9c8050,1eff4c011219101156e2bd1d3aeceb467b457e5459fa56de3dd40d1f07015d,1.0
3997837,23653,39,8e89bed6,ADV_IND,1,0,37,f5ea0c9d8050,1eff4c001219101056e2bd5d3acceb467f457e5459fa56de3d540f9f07015d,1.0
1998991,23704,39,8e89bed6,ADV_IND,1,0,33,fdea889d8050,1eff4c001219101156e29d1d3aeceb467b455e5459fb16de3dd40f,1.0
7995858,23709,39,8e89bed6,ADV_IND,1,0,37,fdea8c9d8054,1eff4c001219101156e2bd1d3aeceb427b457e5459fa56de3dd40f1f070164,1.0
8027993,23723,39,8e89bed6,ADV_IND,1,0,37,9ab0f6855f58,c9d6ed442059dee18f1ba58f627b2ecde8eb6222902aeff0c78dd257a13da7,1.0
2031087,23754,39,8e89bed6,ADV_IND,1,0,37,fdea8cbd8050,1eff4c011219101156e2bd1d3aeceb467b457e5459fa56de3dd40f1f070164,1.0
3997993,23757,39,8e89bed6,ADV_IND,1,0,37,da9cb6858050,c1dec5442239d6e38f1ba42f427b46cdc0eb62a2902eeff0c18dd257e32da7,1.0
8027989,23793,39,8e89bed6,ADV_IND,1,0,37,fd6a8c9d8050,1eff4c001619101156e2bc1d3aeceb467b557e5459fa56de3dd40f9f070164,1.0
7996187,23895,39,8e89bed6,ADV_IND,1,0,37,9a9cf6c5df48,c1d6954420598ee18f1ba5af423b06cf60eb6222902ceef1c78dd257a13ca7,1.0
9994784,23923,39,8e89bed6,ADV_IND,1,0,37,989cd69d8050,c1c4456e2159dee18f1ba5af427bce4d68eb4222902ceff0c78dd257a03da7,1.0
1998933,23979,39,8e89bed6,ADV_IND,1,0,37,ba9cf6855f50,e1d6c5642059dec98f1ba5af427b4ecd60eb62a2903ceff0c7adc35fe13da7,1.0
8027958,24039,39,8e89bed6,ADV_IND,1,1,33,7dea8c9da050,3eff4c001219101156e2bc1d3aeceb467f557e5459fb56de3d540f,1.0
3997967,24050,39,8e89bed6,ADV_IND,1,0,37,1a9cf6855450,c196c5442059dee18d1ba5af427b4ecd60fb6322903ceff0c78dd257a11da7,1.0
3997786,24325,39,8e89bed6,ADV_IND,1,0,37,9ebcf685d850,c1d4c5442059dee18f1bf50f423f4ecd24e36232906cee70c78df253a13da7,1.0
22021043,24370,39,8e89bed6,ADV_IND,1,0,37,fdea8c9da050,1eff4c001219101156e2bc1d3aeceb427b457e5459fa56de3dd40f1f070126,1.0
4030017,24394,39,8e89bed6,ADV_IND,1,0,37,ba9ce6855fd0,c1d7c5462059dee10f5bb5a7427b4ecdf0eb6222902cef90c78d9257a13da7,1.0
3997883,24498,39,8e89bed6,ADV_IND,1,0,37,fdea0cbd8050,1eff4c001219101156e2bd1dbaeceb427b457e5459fb56de3dd40f1f0701a8,1.0
3997891,24526,39,8e89bed6,ADV_IND,1,0,37,9aea8c9d8050,c1d6454424595ee18f1ba5ab427b4ecd60eb622a902cef70c78dd267a13da7,1.0
3998133,24556,39,8e89bed6,ADV_IND,1,0,37,9e9cf6855f4a,c5d6c5442051dee99e93a68f427b4ecd20f96222902ceff0c78df057a13da7,1.0
3997929,24726,39,8e89bed6,ADV_IND,1,0,33,ba9cf68d8050,cdd6c4446059fee18f1ba5ef427b0ec742eb6220902ceff0c78dd2,1.0
7995630,24773,39,8e89bed6,ADV_IND,1,0,37,9a98f49d8050,c1d4c5442059dec39f1badaf727b4ec960eb6222922cebf0c70dd257a13da7,1.0
3998014,24799,39,8e89bed6,ADV_IND,1,0,37,fde28c9d8050,1eff4c001219001156e2bd1d3aeceb467f557e5459fb16de3dd40f1f07013e,1.0
11994015,24818,39,8e89bed6,ADV_IND,1,0,37,9a9cf61d8050,c1d6e5442059dee18f19a5af427b0ecd60eb6622902cebf0d78dd357213daf,1.0
5997021,24827,39,8e89bed6,ADV_IND,1,0,37,9a9cf6857d4a,c1d6c54c2059fee38f1ba5af427b4ecd20eb6a22942ceff0cf8dd2d7a139a3,1.0
5997132,24858,39,8e89bed6,ADV_IND,1,0,37,9a9cf6855f50,c1d6c5442051dee18f1be5af425b4e4d60ab6262102ceff0c785d246a13da7,1.0
3997879,24863,39,8e89bed6,ADV_IND,1,0,37,7dea8c9d8050,1efd4c001219001056e2bd193aeceb467f057e5459fb56df3d540f1f07013e,1.0
8027887,24907,39,8e89bed6,ADV_IND,1,0,37,9adcf6a55e50,c1d6c5442059dee18fdba5af46e30ec560e962a2806ceff0c38dd256a13da7,1.0
10027225,24922,39,8e89bed6,ADV_IND,1,0,37,9a9cb6855050,c1d645442258dee18c1ba7af427b4fdd60eb6202902cebd4c78dd277a13da7,1.0
4030111,24976,39,8e89bed6,ADV_IND,1,0,37,f5ea8c9d8050,1eff4c001219101156e2bd1d3aeceb467b457e5459fa56de3dd40f1f070165,1.0
3997811,25056,39,8e89bed6,ADV_IND,1,0,37,fd6a889d8050,1eff4e011219001156e2bd5d3aece9427b457f5459fa54de3dd40f1f074108,1.0
12025825,25212,39,8e89bed6,ADV_IND,1,1,37,f5ea8c9c8050,3eff4c001219001156e2bd1d3aece3567b457e5449fa549e3dd40f1e0701c0,1.0
1999018,25245,39,8e89bed6,ADV_IND,1,0,37,fdea0c9da050,1eff4c005619101156e2bc5d3aeceb467b457e5459fa56de3dd40f9f0701c0,1.0
1998901,25303,39,8e89bed6,ADV_IND,1,0,37,9a9c8c9d8050,c197c5443049fee90f1ba1af427b4e4d68eb6226902ceeb0c78dd257a13da7,1.0
6029054,25305,39,8e89bed6,ADV_IND,1,0,33,fd6a8c9c8054,1eff4c011219101056e2bd1d3aeceb467b457e5459fb56ce3dd40d,1.0
2030916,25341,39,8e89bed6,ADV_IND,1,0,37,bc9cf6855e40,c1d6c5513059dee18b1fa5ab427b4ecd60e96a22902deff8c78cd257212da7,1.0
8027951,25473,39,8e89bed6,ADV_IND,1,0,37,9a8cf6c55f08,c1d645c4201bdee18f1ba5af427b4e8d60eb6222902d8ff1c78cd2d7a13da7,1.0
5997026,25548,39,8e89bed6,ADV_IND,1,0,37,fde20c9d8050,1efd5c001219101154e2bd1d3aeceb427f555f5459fa56de3df40d1f07014d,1.0
3998003,25640,39,8e89bed6,ADV_IND,1,0,37,9a9cf6851050,c1d6c5c42059dee18f1ba5af42794ecd20eb6222902cefe0c78dd657a13da7,1.0
10026856,25676,39,8e89bed6,ADV_IND,1,0,37,9a9a8c9d8050,c1d0c5442059dee18f1ba12f427b4edd60eb6222982ceff0c78d5247a13d87,1.0
3997765,25692,39,8e89bed6,ADV_IND,1,0,37,9abef69d8050,c1d6c5442459dee18f3ba5af62774c4d60bb6222902ceff0c18dd257a13da7,1.0
1999005,25753,39,8e89bed6,ADV_IND,1,0,37,fdea0c9d8050,1eff4c001219101156e2bd5d3aeceb467b457e5459fa56de3dd40f1f0701a3,1.0
1999071,25774,39,8e89bed6,ADV_IND,1,0,33,7dea889d8050,1eed4c005219101056e2bd193aeceb427f457e5449fb16ce3d560f,1.0
12026011,25789,39,8e89bed6,ADV_IND,1,0,37,fdea0cbda050,ded2e5c424595ee18f1ba6af027b4ecf6ceb6262902ceff0c78fd257a11daf,1.0
10026938,26028,39,8e89bed6,ADV_IND,1,0,37,f5ea889da050,1ebf4c015299101156e2bd1d3aeceb427b457e5459fa56de3dd40f1f07410e,1.0
1998994,26047,39,8e89bed6,ADV_IND,1,0,37,9a9cf68d4f50,d196c5442059dee6cf1ba5af426b4ecf60eb6222a02eeff0c78ed267a13da7,1.0
4030034,26086,39,8e89bed6,ADV_IND,1,0,37,fdea8c9ca050,1eff4c001219101156e2bd1d3aeceb467b457e5459fa56ce3dd40f1f0701f9,1.0
3997947,26087,39,8e89bed6,ADV_IND,1,0,37,ba9cf6855f4a,c1d6c4446059dee19f53a1af603bcfcd62732222902def70c58dd257a03da7,1.0
1998917,26213,39,8e89bed6,ADV_IND,1,0,37,9adcf49d8050,c1d6e5442059dee18f1ba58fc37b4ecd60eb62329028eff0c78df257e13da6,1.0
4029664,26244,39,8e89bed6,ADV_IND,1,0,37,989cf69d8050,c1d6c5442059dee98f1ba5af427b4ecd68ebe222902cefc8c78dd257a13fa7,1.0
8027892,26256,39,8e89bed6,ADV_IND,1,0,37,1dea8c9d8050,41d6c5442359debd8f9ba4af467b48cde0eb6322506ceff0c7cc5157b13de3,1.0
16023545,26315,39,8e89bed6,ADV_IND,1,0,37,928a8c9d8050,c9d6c544a059de628f13a5af46fb16cd60fb682b90242ff0c48dd257a16da7,1.0
4029951,26380,39,8e89bed6,ADV_IND,1,0,37,9a9c6c9d8050,c1d6c5442059dce18d1aa5af427b4ecd60eb6232902ceff0e6cdd257a13da7,1.0
8027988,26385,39,8e89bed6,ADV_IND,1,0,37,fd6a8c9da050,1eff4c011219101056e2bd1d3beceb467b457e5459fa56de3dd40f1f070162,1.0
8028282,26397,39,8e89bed6,ADV_IND,1,0,37,fd6a8c9c8050,1eff4c001219101156e2bd1d3aeceb467b457e5459fa56de3dd40d1f070162,1.0
4030110,26578,39,8e89bed6,ADV_IND,1,0,37,9a6a8c9d8050,c1d6c544a2d9d4e1a71bc5af667b4f8d60ebe22290adeff1c78db217a13da6,1.0
4030165,26598,39,8e89bed6,ADV_IND,1,0,37,fdea889ca050,1eff4c001219101056e2bd1d3aeceb467b457e5459fa56de3dd40f1f0701b5,1.0
14024929,26671,39,8e89bed6,ADV_IND,1,0,37,fdea889c8070,1eef4c005219101056e2bc5d3aeceb467b457e5459fa569e3dd40f9e070198,1.0
3997899,26675,39,8e89bed6,ADV_IND,1,0,37,7dea8cbd8050,1eff4c015219101156e2bc1d3aeceb427b457e5449fa56de3dd40d1f070198,1.0
1999065,26713,39,8e89bed6,ADV_IND,1,0,37,fdea8c9d8070,1eff4c001219101156e2bd1d3aeceb467b457e5459fa56de3dd40f1f070198,1.0
3998118,26769,39,8e89bed6,ADV_IND,1,0,37,9f9cf6855f4a,c1d681e42059dee18f1ba5bf427b4edd60eb6222102ceff2c78d9257a13de3,1.0
16024077,26873,39,8e89bed6,ADV_IND,1,0,37,fdea889c8050,1ebf4c011219101056e2bd1d3aeceb467b557e545bfa56de3dd40d9f074165,1.0
1998891,26966,39,8e89bed6,ADV_IND,1,0,37,9aaa8c9d8050,c1d6c5443059dee18f13a5af427b4ecd60eb7220902ceff0c71dd257a13ca7,1.0
4029816,27300,39,8e89bed6,ADV_IND,1,0,37,98ea8c9d8050,c1f6c5442359dee18f0fa5af523b4c4d60eb6222900ceff4c38dd257a17fa7,1.0
3997917,27348,39,8e89bed6,ADV_IND,1,0,37,7dea0c9d8050,1eff4c001219001156e2bd1d3aeceb467b457e5449fb56de3dd40f1f07011c,1.0
3997927,27349,39,8e89bed6,ADV_IND,1,0,37,9a9e8c9d8050,c9d6c74421599ee18f1ba5af427b4eed70eb6222902ceff0c38dd257a13da7,1.0
16023897,27350,39,8e89bed6,ADV_IND,1,0,37,fd6a889c8050,1ebf4c001619101056e2bc1d3aeceb427b557e5459fa56ce3dd40f1f07411c,1.0
16023976,27394,39,8e89bed6,ADV_IND,1,0,37,9a9cf49d8050,c3dcc54c2059dee18f1ba5bf427b4ec965eb6a22900ce9f2c78dd257a13da7,1.0
1998944,27431,39,8e89bed6,ADV_IND,1,0,37,9adec69d8050,c1d6c54420599ee18b1b95af427b4ecd60eb6a22d03ceff0c78dd257a13da7,1.0
3997936,27457,39,8e89bed6,ADV_IND,1,0,37,9a1cf69d8050,c1d6c5442059dee18f19a5af027f4ec9e0eb62229029eff0c78dd256a134a7,1.0
5996921,27499,39,8e89bed6,ADV_IND,1,0,37,8a94fc9d8050,d1d6c54c20599ee18f1aa5ab427bdacd68a342229024eff0c70dd25fa13fa7,1.0
5997131,27571,39,8e89bed6,ADV_IND,1,0,37,9a9ccc9d8050,c1d6c5442051dee18f1ba5af427b4e4d60eb6222902ceff8cf89d257813da7,1.0
2031039,27572,39,8e89bed6,ADV_IND,1,0,37,9ab6f685df4a,c1d66744a0599ea1871ba5bf527b4ecf62eb6222d02ccff0c78dc257a17da7,1.0
10027126,27658,39,8e89bed6,ADV_IND,1,0,37,1e1cf6858050,41d2c5442059ded18f1ba5a7427b4ecf60eb6222d02ceff1cf8dd257a12da3,1.0
3997899,27719,39,8e89bed6,ADV_IND,1,0,37,fdea8c9d8074,1eff4c001219001156e2bd1d3aeceb467b457e5459fa56de3dd40f1f07014b,1.0
5997077,27886,39,8e89bed6,ADV_IND,1,0,37,9a9d8c9d8050,c1d645442059dee18f1ba5af425b4ecd606de022902ceff0c68d5257a13da7,1.0
1998898,27984,39,8e89bed6,ADV_IND,1,0,37,9a9cf6855f58,d1d6c5442059dee38f1ba5af427b4ecd62cb722a902ceff4c789d257a13db7,1.0
1998908,28013,39,8e89bed6,ADV_IND,1,0,37,9a9cac9d8050,c1d6d544a059dee18f1ba4af4a3b4ecd70ef7222902cebf0438dd253a13da5,1.0
3997903,28047,39,8e89bed6,ADV_IND,1,0,37,9a9cf65d8050,c9d645442059dee18f1ba5af62790ecd60cb6202912cedf0c78c9257a13da7,1.0
5996999,28109,39,8e89bed6,ADV_IND,1,0,37,8a9cf5877f48,c1d6c5442059dee18f1ba5af427b4ecd60eb6232916cef70c78dd277a13da7,1.0
3997826,28216,39,8e89bed6,ADV_IND,1,0,37,9a9cf6858050,c1f6c5642098dee18f1ba5af407bdeed60cb6282102ceff0c7adda56a13da7,1.0
5996910,28241,39,8e89bed6,ADV_IND,1,0,37,ddea8c9d8050,c1d6c5442059dce18f1ba5a7427b4ecf68eb2220802cef70c68dda57813da7,1.0
1999032,28258,39,8e89bed6,ADV_IND,1,0,37,9a9cec9d8050,c1d6c5442859dee1971ba5af427b4ecc60eb6226902ceff0c78dd257a13da7,1.0
4030204,28281,39,8e89bed6,ADV_IND,1,0,37,9a9cf6818050,c1d2c1442059fea18f1ba5af435b6edd62ebe2329028efb0d78dd257a13da7,1.0
3997921,28351,39,8e89bed6,ADV_IND,1,0,37,9b9c8c9d8050,c1d6c55420195cf18f1bb5af427b4ec963eb6223962cefe0c78dd257b13da7,1.0
2031025,28463,39,8e89bed6,ADV_IND,1,0,37,f5ea8c9d8070,1eff4c001219101056e2bd1d3aecab427b457e5459fa56de3dd40f1f070149,1.0
10059181,28536,39,8e89bed6,ADV_IND,1,0,37,8a9cf6855f40,81d6c5443059dee18f1ba5af427b4ecd60eb6222906ceff0c79df057a53da7,1.0
1999046,28584,39,8e89bed6,ADV_IND,1,0,37,fdea0c9c8050,1eff4c001619101156e2bd5d3aeceb467b457e5459fa54de3dd40f1f0741f3,1.0
5996779,28651,39,8e89bed6,ADV_IND,1,0,37,9a9cf69d8050,c1d6c5446059dee18f1aa5ac427b4ecd60eb62229128eff0c78dd257a93da5,1.0
12025952,28688,39,8e89bed6,ADV_IND,1,0,37,8a9cf6c55f4b,83d6c54420599e638f1b25af427b4ecd60cb6222900cee70c78dd257613da7,1.0
1998941,28924,39,8e89bed6,ADV_IND,1,0,37,8dea8c9d8050,c1d6c5402019dee18f1ba5af427b4ecde0eb6222902cefb0c78c9257a13da7,1.0
7995938,28939,39,8e89bed6,ADV_IND,1,0,33,7dea8c9c8050,1eff4e015219101056e2bd1d3aecab467b457e5459fb56de3d540d,1.0
4029799,29066,39,8e89bed6,ADV_IND,1,0,37,9a9cf68517d0,c1d4c5642019dee18f1ba5af467b4ecd60ee6222802defb0c789d357a13da6,1.0
1998914,29091,39,8e89bed6,ADV_IND,1,0,37,9a94b6855f48,c1d6c54420599ee18f1b2d8f627b4ec560eb6222942cedf0c78dd245a11da7,1.0
8028365,29192,39,8e89bed6,ADV_IND,1,0,37,9a9cf6854050,e1d6c544205dd6e18f1b85a7427b4ecd606b62a2d02ccff4c38dd257a13da7,1.0
3998114,29205,39,8e89bed6,ADV_IND,1,0,37,9a9cf6850050,c156c5443059dee18f1ba5af427b46cd60eb6222912deff1c78dd257a53da7,1.0
12026074,29305,39,8e89bed6,ADV_IND,1,0,33,75ea8c9d8050,3eff4c001619101156e2bc1d3aeceb427f457e5459da56de3dd40f,1.0
8027702,29464,39,8e89bed6,ADV_IND,1,0,37,f5ea8c9c8070,1eff4c001219101156e2bd1d3aeceb467b457e5459fa56de3dd40d1f0701fe,1.0
3997951,29701,39,8e89bed6,ADV_IND,1,0,37,db9a8c9d8050,c396c544205ddee1cf0b85ae427a4ecd60eb42a2902ceff0878dd253a13da7,1.0
1999044,29791,39,8e89bed6,ADV_IND,1,0,37,9a9cf79d8050,c1d6c544b059dee18f1b25a7625b0ec560cb6023b02ceff0c78cd297a93fe7,1.0
1999021,29844,39,8e89bed6,ADV_IND,1,0,37,fde28c9da050,1eff4c001219001056e0bd1d3aecab467f457e5459fa569f3dd40f1f0701c0,1.0
8027793,29862,39,8e89bed6,ADV_IND,1,0,37,929cf2855fca,c1d6c5443059dee18f1ba5af427b4ecd60eb6222106ceff0c68dd257a13db6,1.0
26082844,29897,39,8e89bed6,ADV_IND,1,0,37,9a9c76855f4a,c1d6c5442059dee18b1ba5af427b4e8d60eb6222903cefd4c70d9257a13da7,1.0
3997881,30108,39,8e89bed6,ADV_IND,1,0,37,fdea8c9c8070,1efd4c001219101156e2bd1d3aeceb427b557ed459fa56de3dd40f1f070162,1.0
10026984,30211,39,8e89bed6,ADV_IND,1,0,37,9a9cf6855f4c,c1d6c5c42059dee18f1ba5a7406b4ecc60ab6222102ceeb0c78dd257a13db7,1.0
3998023,30260,39,8e89bed6,ADV_IND,1,0,37,7dea889ca050,1ebf4c011219101076e2bd1d3beceb567b455f5459fa16de3dd40f1f07413f,1.0
7995806,30379,39,8e89bed6,ADV_IND,1,0,37,9a9cf685df50,c1d6c4442059dfc18f1ba5af627b4ec960eb62229124eff0c789d257a13da7,1.0
2030805,30576,39,8e89bed6,ADV_IND,1,0,37,1a9cf6050050,c1dec5402459dce18f1aa5af427a4e4d60e96202102ceff0c7cd9247e13fa7,1.0
1998923,30605,39,8e89bed6,ADV_IND,1,0,37,9a0cfe851050,c1d6c54420d9dee18f5ba5af52fb0ecd40eb6222982ceff0478cd257a13da7,1.0
10026612,30632,39,8e89bed6,ADV_IND,1,0,37,daaa8c9d8050,c1d6c5442059dee18f1ba5af424b4ec920eb6222902ccff0c78dd257a13da7,1.0
1998195,30691,39,8e89bed6,ADV_IND,1,0,37,9e9c8c9d8050,c1d645442819dee3cf1fa7bf427a0ecd60eb6222902cebf0c68df255213da7,1.0
1999014,30789,39,8e89bed6,ADV_IND,1,0,37,9dea8c9d8050,c1d685442059fe63af1ba5af027b4e8960cb6222902caff4c78dd257813de7,1.0
1998994,31021,39,8e89bed6,ADV_IND,1,0,37,9a9cf6875f48,c396c5442059dee18f1fa5af427a4ecd60eb6062806cafd0c48dd257b13da5,1.0
3998041,31065,39,8e89bed6,ADV_IND,1,0,37,ba9ef6878050,c1d6c544204dcee18e1ba5af427b4ecd20eb6202902ceff0c58dd21bb13da7,1.0
3997870,31196,39,8e89bed6,ADV_IND,1,0,37,928cf3858050,c5d6c5402019fee1af3ba5af027b4ecde0eb6222802cffb2c78df247a135a7,1.0
3997767,31274,39,8e89bed6,ADV_IND,1,0,37,9adc8c9d8050,81d6c544a058dee18f1bb5af427b4ecd60eb6222b02ceff0c7cdd257a13da7,1.0
8027873,31287,39,8e89bed6,ADV_IND,1,0,37,9e9ef4dd8050,40d6c5402059dec08f1bb5ae427b4ace60eb6222902ceff8e79dd257a135a7,1.0
1998974,31307,39,8e89bed6,ADV_IND,1,0,37,9a9cb6055f48,c1d6c54c20d1de218f1ba5ad406b6fcd70eb6222902cefb0c78dd257a12da7,1.0
1998869,31400,39,8e89bed6,ADV_IND,1,0,37,bbaa8c9d8050,c1d6c54620d9dee1871ba5af427b6ac960eb6226902ceff0c68dd255213da7,1.0
1998919,31417,39,8e89bed6,ADV_IND,1,1,37,f5e2889c8050,1ebf4c001219101056e0bd1d3aeceb467b457f545bda54de3dd40f1f0f4169,1.0
7996115,31459,39,8e89bed6,ADV_IND,1,0,37,9a9ce6870050,e1d6c54420599ee18f1ba52f427b4ecd60ebe220b43ceef0d78dd347203db7,1.0
1998929,31607,39,8e89bed6,ADV_IND,1,0,37,ba9cb69d8050,81d6c5442059dee18f1ba5ad437b4ecd61eb6222902cef70c68fd257a53fb7,1.0
3997803,31683,39,8e89bed6,ADV_IND,1,0,37,9a9cf6875f10,c1f6c5442059de61871ba4af4a7b4ecd60eb2662902eeff0478dd247a13da7,1.0
1998955,31699,39,8e89bed6,ADV_IND,1,0,37,fdea8cbc8050,1ebf4c001219101156e2bd1d3aeceb467b457f5459fa56ce3dd40f1f070175,1.0
1999107,31774,39,8e89bed6,ADV_IND,1,0,37,9bea8c9d8050,51d6c54420d8dee14f1ba5af427b4ec960eb62229028eff0878dd257213de7,1.0
14025227,32059,39,8e89bed6,ADV_IND,1,0,37,9a9cf6860050,c1d6c4442059dee19f5ba5af427b4ecd60c3e232906ceff0c785d241a1bda7,1.0
1998911,32324,39,8e89bed6,ADV_IND,1,0,37,fd6a889da050,1ebf4c001619101156e0bd1d3aecab467b457e5449fa56de3dd40f1f070110,1.0
14057090,32367,39,8e89bed6,ADV_IND,1,0,37,fdea8c9d805a,1eff4c001219101156e2bd1d3aeceb467b457e5459fa56de3dd40f1f070110,1.0
10027009,32576,39,8e89bed6,ADV_IND,1,0,37,9a94f6850050,c1d6c4c420595ee10f1ba58f427b4ec560eb62a2942cdff0c78dd2d3a13da5,1.0
11993804,32686,39,8e89bed6,ADV_IND,1,0,37,9a9cf6848050,c1d6c5043059dee38fbba5b7427b4ecd60e36222100c6ff0c78dd277a13da7,1.0
5996644,32766,39,8e89bed6,ADV_IND,1,0,37,fd6a8c9ca054,1eff4c001619001174e0bd1d3aeceb567b557e5459fa16de3dd40f1f0701a0,1.0
3998131,32822,39,8e89bed6,ADV_IND,1,0,37,ba18f6858050,c1d68540605bdee5af1b85af427b4acc60eb6222802ceff0c78dd255a03d27,1.0
4030184,32823,39,8e89bed6,ADV_IND,1,0,37,9a9cfe9d8050,c1d6c564305df6e18b1ba5af627b4ecd60eb622ad02ceef0c68dd257a32d27,1.0
10026804,32827,39,8e89bed6,ADV_IND,1,0,37,9b9a8c9d8050,c0d441442419dee1891ba5ab42f3cecd60ebeaa0d02ceff0c78cd247a13da7,1.0
3997806,33103,39,8e89bed6,ADV_IND,1,0,37,9a9cf6c58050,c3d7c5442058d6e18f0ba5bf427b4ec560ef7222902c6ff0c78dd257a139a7,1.0
4030144,33131,39,8e89bed6,ADV_IND,1,0,37,9a9c768d5f0a,c1d6c544217bbee58f1badef667b4ecd20fb6222902ceff0c705d277b93da7,1.0
12025883,33408,39,8e89bed6,ADV_IND,1,0,37,9bdcf6958050,c1d6c5542059cee18f1ba5bf5a794ecd606b6222902ce7f0c70dd257b93da7,1.0
12058047,33556,39,8e89bed6,ADV_IND,1,0,37,9a9cf6855050,c1d6c5542859dee18f9ba4ad007b46dd607b6222902ceff0c784d256a1bda7,1.0
3997921,33592,39,8e89bed6,ADV_IND,1,0,37,9adcf6c55f50,d1d6c5442058dee38f1ba5af427b4fcd64eb6222902cfff0e7cdd257a13da7,1.0
5997007,33628,39,8e89bed6,ADV_IND,1,0,37,989cf6855f4a,c1d4c5442059de618f1ba5af426e4ecd60eb62a2902cefe0c78dd257a12da7,1.0
1998938,33635,39,8e89bed6,ADV_IND,1,0,37,daea8c9d8050,c5d6c5452058dee1af1ba1af423a4ecd60ea6222902ceff0c38dd257a13da7,1.0
4029563,33817,39,8e89bed6,ADV_IND,1,0,37,1a9cf6855f60,c1d6c5442059fee19f1ba12f427b46cd62eb4222982ceef0c689d257a13da7,1.0
3997975,33896,39,8e89bed6,ADV_IND,1,0,37,9ad4f6855f4a,81d6c5546059dee18f13a5afca7b4ecd60fb7223b02ceff0c78d9857a13da7,1.0
9995074,33953,39,8e89bed6,ADV_IND,1,0,37,9a9cf68d8050,e1d6c5440059dee18f1ba737427bcecd60fb6232906cebe0c78cd157a13da7,1.0
12025785,34010,39,8e89bed6,ADV_IND,1,0,37,9baa8c9d8050,c0d4c5442059dee08f1ba5af427b4ecd60eb4202902c7ff0d78dd257a13da7,1.0
3997952,34025,39,8e89bed6,ADV_IND,1,0,37,99ea8c9d8050,c1d6c5442049cee19f5ba52f427b4ecd60eb6323902ce7f0c70dd257a73da7,1.0
10027157,34036,39,8e89bed6,ADV_IND,1,0,37,f56a8c9c8050,1eff4c001219101156e2bd1d3aeceb467b457e5c49fa54de3dd40f1f074143,1.0
22020840,34092,39,8e89bed6,ADV_IND,1,0,37,9a9cfe854050,c1d6c5442249dec18f1ba5ef427b4e4d60e96222912cebf0d79dd257a13f87,1.0
3997819,34268,39,8e89bed6,ADV_IND,1,0,37,fdea8c9c8054,1eff4c001219001156e2bd1d3aeceb467b457e5459fa56de3dd40f1f0f0147,1.0
10027030,34275,39,8e89bed6,ADV_IND,1,0,37,1a9cf69d8050,c1d6c5442059dee18f1bb5ae427b4ecd60eb6322902c69f0678dd257a1bdb7,1.0
6028965,34319,39,8e89bed6,ADV_IND,1,0,37,9a1c7685df48,c0d6c5402859dee18f1ba5af42fb4ecd60eb2aa2902ceff0c78dd257a13da6,1.0
5996940,34333,39,8e89bed6,ADV_IND,1,0,37,9a9cf4855f48,c1d6e5442459dee18f1bb4af427b4ecd60eb62a2902ceff0c78dd217a13da7,1.0
7995679,34342,39,8e89bed6,ADV_IND,1,0,37,988ccc9d8050,41d6c5442059dee18f1ba5ad427b0ecd60cb6222902cefe0c3add257a13fa7,1.0
3997771,34599,39,8e89bed6,ADV_IND,1,0,37,9a9cf69c8050,c1c6c5400059dee18f1ba5ad427b4ecd60ab6222902ceff0c78dc257a1bda7,1.0
3997873,34641,39,8e89bed6,ADV_IND,1,0,37,8edcf6254050,c0d6c5442059dee18f1ba5af427f4ecd60eb6222902cefe0c78cd277a13d27,1.0
1999005,34790,39,8e89bed6,ADV_IND,1,0,37,9a9d76801c50,cd56c5462059dee18f1ba5af427bcecd30eb6222902deb70c785d217a53fa7,1.0
8027944,34799,39,8e89bed6,ADV_IND,1,0,37,9a94f69d8050,c1d6c5462051dee18f1ba5af623b4eed20eb6202902ceff0c78dd257a13da7,1.0
2031095,34906,39,8e89bed6,ADV_IND,1,0,37,9e99f6855050,d1d6c5442059dce18f1ba5ad427b0acd604b6202d02ceff0c78dd257a13da7,1.0
1998946,35025,39,8e89bed6,ADV_IND,1,0,37,fd6a8c9d8054,1eff4c001219101056e2bd5d3aeceb467b457e22902c6ff0e78dd2d7a11da7,1.0
1999040,35222,39,8e89bed6,ADV_IND,1,0,37,fdea8c9da054,1ebfcc442059dee18f128dad427b4ecd60eb6222802eeff4c70dd257a13da7,1.0
1998912,35241,39,8e89bed6,ADV_IND,1,0,37,9984f49d8050,c1d6c5462859dee18f1ba5af427b4ecf60eb6232902ceff0c78fd257a13da7,1.0
8028232,35349,39,8e89bed6,ADV_IND,1,0,37,9a9cf68ddc50,c1d6c5442059dee18f1ba5af403b4ec960aa6a22982ce7f0c68dd445a33da7,1.0
5996877,35366,39,8e89bed6,ADV_IND,1,0,37,7dea8cbc8050,1eff4c001219101156e2bd1d3aeceb467b457e5459fb56ce3d540f0f0701d8,1.0
7995989,35516,39,8e89bed6,ADV_IND,1,0,37,9a94f49d8050,c1d6c5442059dee1871ba5af427b4ecd60eb6222902ceff0c78dd057a13da7,1.0
2030947,35905,39,8e89bed6,ADV_IND,1,0,37,9abcf6855fc8,c1d6d7442059dce10f9ba5af427b4ecd606b2222942ceff0d788d257a13da7,1.0
3998264,35933,39,8e89bed6,ADV_IND,1,0,37,1b9df6855f40,c3d6c5442059dee18f1ba5afc27bdacd60eb622290aceff0c79dd247a03daf,1.0
1998559,36091,39,8e89bed6,ADV_IND,1,0,37,9a9cd6855850,c1d6c544205ddee10f1ba5af427f4ecd60e36022902ceff0c79d1257833da7,1.0
12057924,36216,39,8e89bed6,ADV_IND,1,0,37,fdea8c9d8051,1eff4c001219101156e2bd1d3aeceb467b457e5459fa56de3dd40f1f070125,1.0
6028868,36417,39,8e89bed6,ADV_IND,1,0,33,f5ea089ca050,1ebf4c011619101156e2bd1d3accab527f555f5459fa16de3dd40d,1.0
7634389,108,39,8e89bed6,SCAN_REQ,1,1,12,55d5bd7913c9,45dae69e4ca4,1.0
4030051,29639,39,8e89bed6,ADV_NONCONN_IND,1,0,37,fdea8c9d8050,1eff4c001219101156e2bd1d3aeceb467b457e5459fa56de3dd40f1f070114,1.0
4784659,36437,39,8e89bed6,SCAN_REQ,1,1,12,4a885c875f02,4e393af10528,1.0
2359310,36441,39,8e89bed6,SCAN_REQ,1,1,12,4a0c5c8f5f03,5e383af50528,1.0
